Portable Can Opener,"5,239,757",http://patft.uspto.gov/netacgi/nph-Parser?Sect1=PTO2&Sect2=HITOFF&p=1&u=%2Fnetahtml%2FPTO%2Fsearch-bool.html&r=1&f=G&l=50&co1=AND&d=PTXT&s1=%22Can+Opener%22.TI.&s2=%22one+handed%22&OS=TTL/
Single Hand Can Opener,"4,860,455",http://patft.uspto.gov/netacgi/nph-Parser?Sect1=PTO2&Sect2=HITOFF&p=1&u=%2Fnetahtml%2FPTO%2Fsearch-bool.html&r=4&f=G&l=50&co1=AND&d=PTXT&s1=%22Can+Opener%22.TI.&s2=%22Single+Hand%22&OS=TTL/%22Can+Opener%22+AND+%22Single+Hand%22&RS=TTL/%22Can+Opener%22+AND+%22Single+Hand%22
Electric Can Opener,"8,312,633",http://patft.uspto.gov/netacgi/nph-Parser?Sect1=PTO2&Sect2=HITOFF&p=1&u=%2Fnetahtml%2FPTO%2Fsearch-bool.html&r=1&f=G&l=50&co1=AND&d=PTXT&s1=%22Can+Opener%22.TI.&s2=%22Single+Hand%22&OS=TTL/%22Can+Opener%22+AND+%22Single+Hand%22&RS=TTL/%22Can+Opener%22+AND+%22Single+Hand%22
Can Opener,"5,291,658",http://patft.uspto.gov/netacgi/nph-Parser?Sect1=PTO2&Sect2=HITOFF&p=1&u=%2Fnetahtml%2FPTO%2Fsearch-bool.html&r=3&f=G&l=50&co1=AND&d=PTXT&s1=%22Can+Opener%22.TI.&s2=%22Single+Hand%22&OS=TTL/%22Can+Opener%22+AND+%22Single+Hand%22&RS=TTL/%22Can+Opener%22+AND+%22Single+Hand%22
Power Assist Can Opener,"9,604,833",http://patft.uspto.gov/netacgi/nph-Parser?Sect1=PTO2&Sect2=HITOFF&p=1&u=%2Fnetahtml%2FPTO%2Fsearch-bool.html&r=7&f=G&l=50&co1=AND&d=PTXT&s1=%22Can+Opener%22.TI.&OS=TTL/%22Can+Opener%22&RS=TTL/%22Can+Opener%22
Manual Can Opener,"D801,142",http://patft.uspto.gov/netacgi/nph-Parser?Sect1=PTO2&Sect2=HITOFF&p=1&u=%2Fnetahtml%2FPTO%2Fsearch-bool.html&r=3&f=G&l=50&co1=AND&d=PTXT&s1=%22Can+Opener%22.TI.&OS=TTL/%22Can+Opener%22&RS=TTL/%22Can+Opener%22
Paint Brush And Can Opener,"D774,311",http://patft.uspto.gov/netacgi/nph-Parser?Sect1=PTO2&Sect2=HITOFF&p=1&u=%2Fnetahtml%2FPTO%2Fsearch-bool.html&r=9&f=G&l=50&co1=AND&d=PTXT&s1=%22Can+Opener%22.TI.&OS=TTL/%22Can+Opener%22&RS=TTL/%22Can+Opener%22
Electric Can Opener and Method,"8,371,033",http://patft.uspto.gov/netacgi/nph-Parser?Sect1=PTO2&Sect2=HITOFF&p=1&u=%2Fnetahtml%2FPTO%2Fsearch-bool.html&r=31&f=G&l=50&co1=AND&d=PTXT&s1=%22Can+Opener%22.TI.&OS=TTL/%22Can+Opener%22&RS=TTL/%22Can+Opener%22
Electric Can Opener with Removeable Tools,"8,079,152",http://patft.uspto.gov/netacgi/nph-Parser?Sect1=PTO2&Sect2=HITOFF&p=1&u=%2Fnetahtml%2FPTO%2Fsearch-bool.html&r=33&f=G&l=50&co1=AND&d=PTXT&s1=%22Can+Opener%22.TI.&OS=TTL/%22Can+Opener%22&RS=TTL/%22Can+Opener%22
Can Opener with Scoop,"D609,986",http://patft.uspto.gov/netacgi/nph-Parser?Sect1=PTO2&Sect2=HITOFF&p=1&u=%2Fnetahtml%2FPTO%2Fsearch-bool.html&r=40&f=G&l=50&co1=AND&d=PTXT&s1=%22Can+Opener%22.TI.&OS=TTL/%22Can+Opener%22&RS=TTL/%22Can+Opener%22
Can Opener Mechanism,"7,574,808",http://patft.uspto.gov/netacgi/nph-Parser?Sect1=PTO2&Sect2=HITOFF&p=1&u=%2Fnetahtml%2FPTO%2Fsearch-bool.html&r=47&f=G&l=50&co1=AND&d=PTXT&s1=%22Can+Opener%22.TI.&OS=TTL/%22Can+Opener%22&RS=TTL/%22Can+Opener%22
Mini Can Opener,"D594,301",http://patft.uspto.gov/netacgi/nph-Parser?Sect1=PTO2&Sect2=HITOFF&p=1&u=%2Fnetahtml%2FPTO%2Fsearch-bool.html&r=48&f=G&l=50&co1=AND&d=PTXT&s1=%22Can+Opener%22.TI.&OS=TTL/%22Can+Opener%22&RS=TTL/%22Can+Opener%22
Folding knife With tobacco can opener,"9,737,999",http://patft.uspto.gov/netacgi/nph-Parser?Sect1=PTO2&Sect2=HITOFF&p=1&u=%2Fnetahtml%2FPTO%2Fsearch-bool.html&r=5&f=G&l=50&co1=AND&d=PTXT&s1=%22Can+Opener%22.TI.&OS=TTL/%22Can+Opener%22&RS=TTL/%22Can+Opener%22
Bottle and Can opener,"D805,864",http://patft.uspto.gov/netacgi/nph-Parser?Sect1=PTO2&Sect2=HITOFF&p=1&u=%2Fnetahtml%2FPTO%2Fsearch-bool.html&r=2&f=G&l=50&co1=AND&d=PTXT&s1=%22Can+Opener%22.TI.&OS=TTL/%22Can+Opener%22&RS=TTL/%22Can+Opener%22
Beverage Can Opener,"D771,451",http://patft.uspto.gov/netacgi/nph-Parser?Sect1=PTO2&Sect2=HITOFF&p=1&u=%2Fnetahtml%2FPTO%2Fsearch-bool.html&r=11&f=G&l=50&co1=AND&d=PTXT&s1=%22Can+Opener%22.TI.&OS=TTL/%22Can+Opener%22&RS=TTL/%22Can+Opener%22
Can Opener Extension Fixture,"D755,597",http://patft.uspto.gov/netacgi/nph-Parser?Sect1=PTO2&Sect2=HITOFF&p=1&u=%2Fnetahtml%2FPTO%2Fsearch-bool.html&r=13&f=G&l=50&co1=AND&d=PTXT&s1=%22Can+Opener%22.TI.&OS=TTL/%22Can+Opener%22&RS=TTL/%22Can+Opener%22
Can Opener Press and Lid Remover,"7,926,137",http://patft.uspto.gov/netacgi/nph-Parser?Sect1=PTO2&Sect2=HITOFF&p=1&u=%2Fnetahtml%2FPTO%2Fsearch-bool.html&r=37&f=G&l=50&co1=AND&d=PTXT&s1=%22Can+Opener%22.TI.&OS=TTL/%22Can+Opener%22&RS=TTL/%22Can+Opener%22
Combined Can Opener and Opening Tool,"D605,915",http://patft.uspto.gov/netacgi/nph-Parser?Sect1=PTO2&Sect2=HITOFF&p=1&u=%2Fnetahtml%2FPTO%2Fsearch-bool.html&r=42&f=G&l=50&co1=AND&d=PTXT&s1=%22Can+Opener%22.TI.&OS=TTL/%22Can+Opener%22&RS=TTL/%22Can+Opener%22
Bottle and can Opener Arrangement,"7,614,321",http://patft.uspto.gov/netacgi/nph-Parser?Sect1=PTO2&Sect2=HITOFF&p=1&u=%2Fnetahtml%2FPTO%2Fsearch-bool.html&r=44&f=G&l=50&co1=AND&d=PTXT&s1=%22Can+Opener%22.TI.&OS=TTL/%22Can+Opener%22&RS=TTL/%22Can+Opener%22
Tear Top Can opener,"D487,218",http://patft.uspto.gov/netacgi/nph-Parser?Sect1=PTO2&Sect2=HITOFF&u=%2Fnetahtml%2FPTO%2Fsearch-adv.htm&r=98&f=G&l=50&d=PTXT&s1=%22Can+Opener%22.TI.&p=2&OS=TTL/%22Can+Opener%22&RS=TTL/%22Can+Opener%22
Can Opener with Two Levers Connected,"6,691,419",http://patft.uspto.gov/netacgi/nph-Parser?Sect1=PTO2&Sect2=HITOFF&u=%2Fnetahtml%2FPTO%2Fsearch-adv.htm&r=99&f=G&l=50&d=PTXT&s1=%22Can+Opener%22.TI.&p=2&OS=TTL/%22Can+Opener%22&RS=TTL/%22Can+Opener%22
Beverage Can Opener,"D488,969",http://patft.uspto.gov/netacgi/nph-Parser?Sect1=PTO2&Sect2=HITOFF&u=%2Fnetahtml%2FPTO%2Fsearch-adv.htm&r=96&f=G&l=50&d=PTXT&s1=%22Can+Opener%22.TI.&p=2&OS=TTL/%22Can+Opener%22&RS=TTL/%22Can+Opener%22
Pop Top Can Opener,"8,695,457",http://patft.uspto.gov/netacgi/nph-Parser?Sect1=PTO2&Sect2=HITOFF&p=1&u=%2Fnetahtml%2FPTO%2Fsearch-bool.html&r=25&f=G&l=50&co1=AND&d=PTXT&s1=%22Can+Opener%22.TI.&OS=TTL/%22Can+Opener%22&RS=TTL/%22Can+Opener%22
Easy Can Opener,"D572,098",http://patft.uspto.gov/netacgi/nph-Parser?Sect1=PTO2&Sect2=HITOFF&u=%2Fnetahtml%2FPTO%2Fsearch-adv.htm&r=53&f=G&l=50&d=PTXT&s1=%22Can+Opener%22.TI.&p=2&OS=TTL/%22Can+Opener%22&RS=TTL/%22Can+Opener%22
Pop pry and Peel Can Opener,"7,363,837",http://patft.uspto.gov/netacgi/nph-Parser?Sect1=PTO2&Sect2=HITOFF&u=%2Fnetahtml%2FPTO%2Fsearch-adv.htm&r=57&f=G&l=50&d=PTXT&s1=%22Can+Opener%22.TI.&p=2&OS=TTL/%22Can+Opener%22&RS=TTL/%22Can+Opener%22
Toucan Can Opener,"D560,454",http://patft.uspto.gov/netacgi/nph-Parser?Sect1=PTO2&Sect2=HITOFF&u=%2Fnetahtml%2FPTO%2Fsearch-adv.htm&r=61&f=G&l=50&d=PTXT&s1=%22Can+Opener%22.TI.&p=2&OS=TTL/%22Can+Opener%22&RS=TTL/%22Can+Opener%22
Power Can Opener,"D561,547",http://patft.uspto.gov/netacgi/nph-Parser?Sect1=PTO2&Sect2=HITOFF&u=%2Fnetahtml%2FPTO%2Fsearch-adv.htm&r=60&f=G&l=50&d=PTXT&s1=%22Can+Opener%22.TI.&p=2&OS=TTL/%22Can+Opener%22&RS=TTL/%22Can+Opener%22
Battery Can Opener,"7,213,340",http://patft.uspto.gov/netacgi/nph-Parser?Sect1=PTO2&Sect2=HITOFF&u=%2Fnetahtml%2FPTO%2Fsearch-adv.htm&r=66&f=G&l=50&d=PTXT&s1=%22Can+Opener%22.TI.&p=2&OS=TTL/%22Can+Opener%22&RS=TTL/%22Can+Opener%22
Direct Drive Can Opener,"D538,118",http://patft.uspto.gov/netacgi/nph-Parser?Sect1=PTO2&Sect2=HITOFF&u=%2Fnetahtml%2FPTO%2Fsearch-adv.htm&r=68&f=G&l=50&d=PTXT&s1=%22Can+Opener%22.TI.&p=2&OS=TTL/%22Can+Opener%22&RS=TTL/%22Can+Opener%22
Beverage Bottle And Can Opener,"6,957,599",http://patft.uspto.gov/netacgi/nph-Parser?Sect1=PTO2&Sect2=HITOFF&u=%2Fnetahtml%2FPTO%2Fsearch-adv.htm&r=80&f=G&l=50&d=PTXT&s1=%22Can+Opener%22.TI.&p=2&OS=TTL/%22Can+Opener%22&RS=TTL/%22Can+Opener%22
Electromotive Can Opener,"6,886,260",http://patft.uspto.gov/netacgi/nph-Parser?Sect1=PTO2&Sect2=HITOFF&u=%2Fnetahtml%2FPTO%2Fsearch-adv.htm&r=82&f=G&l=50&d=PTXT&s1=%22Can+Opener%22.TI.&p=2&OS=TTL/%22Can+Opener%22&RS=TTL/%22Can+Opener%22
Safety Can Opener,"D501,772",http://patft.uspto.gov/netacgi/nph-Parser?Sect1=PTO2&Sect2=HITOFF&u=%2Fnetahtml%2FPTO%2Fsearch-adv.htm&r=83&f=G&l=50&d=PTXT&s1=%22Can+Opener%22.TI.&p=2&OS=TTL/%22Can+Opener%22&RS=TTL/%22Can+Opener%22
Single Handle Can Opener,"6,829,832",http://patft.uspto.gov/netacgi/nph-Parser?Sect1=PTO2&Sect2=HITOFF&u=%2Fnetahtml%2FPTO%2Fsearch-adv.htm&r=87&f=G&l=50&d=PTXT&s1=%22Can+Opener%22.TI.&p=2&OS=TTL/%22Can+Opener%22&RS=TTL/%22Can+Opener%22
Beverage Bottle And Can Opener,"D498,997",http://patft.uspto.gov/netacgi/nph-Parser?Sect1=PTO2&Sect2=HITOFF&u=%2Fnetahtml%2FPTO%2Fsearch-adv.htm&r=88&f=G&l=50&d=PTXT&s1=%22Can+Opener%22.TI.&p=2&OS=TTL/%22Can+Opener%22&RS=TTL/%22Can+Opener%22
PaintBrush and Can Opener,"6,823,553",http://patft.uspto.gov/netacgi/nph-Parser?Sect1=PTO2&Sect2=HITOFF&u=%2Fnetahtml%2FPTO%2Fsearch-adv.htm&r=89&f=G&l=50&d=PTXT&s1=%22Can+Opener%22.TI.&p=2&OS=TTL/%22Can+Opener%22&RS=TTL/%22Can+Opener%22
Automatic Can Opener,"6,739,061",http://patft.uspto.gov/netacgi/nph-Parser?Sect1=PTO2&Sect2=HITOFF&u=%2Fnetahtml%2FPTO%2Fsearch-adv.htm&r=93&f=G&l=50&d=PTXT&s1=%22Can+Opener%22.TI.&p=2&OS=TTL/%22Can+Opener%22&RS=TTL/%22Can+Opener%22
Bottle and Can Opener Arrangement,"7,614,321",http://patft.uspto.gov/netacgi/nph-Parser?Sect1=PTO2&Sect2=HITOFF&p=1&u=%2Fnetahtml%2FPTO%2Fsearch-bool.html&r=44&f=G&l=50&co1=AND&d=PTXT&s1=%22Can+Opener%22.TI.&OS=TTL/%22Can+Opener%22&RS=TTL/%22Can+Opener%22
Can Lid Lifter for Opener,"6,671,970",http://patft.uspto.gov/netacgi/nph-Parser?Sect1=PTO2&Sect2=HITOFF&u=%2Fnetahtml%2FPTO%2Fsearch-adv.htm&r=101&f=G&l=50&d=PTXT&s1=%22Can+Opener%22.TI.&p=3&OS=TTL/%22Can+Opener%22&RS=TTL/%22Can+Opener%22
Battery Operated Can Opener,"6,516,524",http://patft.uspto.gov/netacgi/nph-Parser?Sect1=PTO2&Sect2=HITOFF&u=%2Fnetahtml%2FPTO%2Fsearch-adv.htm&r=106&f=G&l=50&d=PTXT&s1=%22Can+Opener%22.TI.&p=3&OS=TTL/%22Can+Opener%22&RS=TTL/%22Can+Opener%22
Ergonomic Can Opener,"6,510,613",http://patft.uspto.gov/netacgi/nph-Parser?Sect1=PTO2&Sect2=HITOFF&u=%2Fnetahtml%2FPTO%2Fsearch-adv.htm&r=107&f=G&l=50&d=PTXT&s1=%22Can+Opener%22.TI.&p=3&OS=TTL/%22Can+Opener%22&RS=TTL/%22Can+Opener%22
Electric Can Opener,"6,505,405",http://patft.uspto.gov/netacgi/nph-Parser?Sect1=PTO2&Sect2=HITOFF&u=%2Fnetahtml%2FPTO%2Fsearch-adv.htm&r=109&f=G&l=50&d=PTXT&s1=%22Can+Opener%22.TI.&p=3&OS=TTL/%22Can+Opener%22&RS=TTL/%22Can+Opener%22
Key Chain Bottle Top And Can Opener,"D465,979",http://patft.uspto.gov/netacgi/nph-Parser?Sect1=PTO2&Sect2=HITOFF&u=%2Fnetahtml%2FPTO%2Fsearch-adv.htm&r=111&f=G&l=50&d=PTXT&s1=%22Can+Opener%22.TI.&p=3&OS=TTL/%22Can+Opener%22&RS=TTL/%22Can+Opener%22
Can Opener,"D460,330",http://patft.uspto.gov/netacgi/nph-Parser?Sect1=PTO2&Sect2=HITOFF&u=%2Fnetahtml%2FPTO%2Fsearch-adv.htm&r=113&f=G&l=50&d=PTXT&s1=%22Can+Opener%22.TI.&p=3&OS=TTL/%22Can+Opener%22&RS=TTL/%22Can+Opener%22
Household Can Opener,"D459,962",http://patft.uspto.gov/netacgi/nph-Parser?Sect1=PTO2&Sect2=HITOFF&u=%2Fnetahtml%2FPTO%2Fsearch-adv.htm&r=114&f=G&l=50&d=PTXT&s1=%22Can+Opener%22.TI.&p=3&OS=TTL/%22Can+Opener%22&RS=TTL/%22Can+Opener%22
Handheld Can Opener,"6,374,502",http://patft.uspto.gov/netacgi/nph-Parser?Sect1=PTO2&Sect2=HITOFF&u=%2Fnetahtml%2FPTO%2Fsearch-adv.htm&r=118&f=G&l=50&d=PTXT&s1=%22Can+Opener%22.TI.&p=3&OS=TTL/%22Can+Opener%22&RS=TTL/%22Can+Opener%22
Under Cabinet Can Opener,"D452,803",http://patft.uspto.gov/netacgi/nph-Parser?Sect1=PTO2&Sect2=HITOFF&u=%2Fnetahtml%2FPTO%2Fsearch-adv.htm&r=124&f=G&l=50&d=PTXT&s1=%22Can+Opener%22.TI.&p=3&OS=TTL/%22Can+Opener%22&RS=TTL/%22Can+Opener%22
Flip Top Can Opener,"6,311,580",http://patft.uspto.gov/netacgi/nph-Parser?Sect1=PTO2&Sect2=HITOFF&u=%2Fnetahtml%2FPTO%2Fsearch-adv.htm&r=126&f=G&l=50&d=PTXT&s1=%22Can+Opener%22.TI.&p=3&OS=TTL/%22Can+Opener%22&RS=TTL/%22Can+Opener%22
Electric Can Opener With Horizontal Blade,"6,298,563",http://patft.uspto.gov/netacgi/nph-Parser?Sect1=PTO2&Sect2=HITOFF&u=%2Fnetahtml%2FPTO%2Fsearch-adv.htm&r=127&f=G&l=50&d=PTXT&s1=%22Can+Opener%22.TI.&p=3&OS=TTL/%22Can+Opener%22&RS=TTL/%22Can+Opener%22
Key Chain bottle top and Tab,"D447,675",http://patft.uspto.gov/netacgi/nph-Parser?Sect1=PTO2&Sect2=HITOFF&u=%2Fnetahtml%2FPTO%2Fsearch-adv.htm&r=128&f=G&l=50&d=PTXT&s1=%22Can+Opener%22.TI.&p=3&OS=TTL/%22Can+Opener%22&RS=TTL/%22Can+Opener%22
Can Opener with Side cutting Mechanism,"6,189,221",http://patft.uspto.gov/netacgi/nph-Parser?Sect1=PTO2&Sect2=HITOFF&u=%2Fnetahtml%2FPTO%2Fsearch-adv.htm&r=137&f=G&l=50&d=PTXT&s1=%22Can+Opener%22.TI.&p=3&OS=TTL/%22Can+Opener%22&RS=TTL/%22Can+Opener%22
Can Opener Appliance,"D435,767",http://patft.uspto.gov/netacgi/nph-Parser?Sect1=PTO2&Sect2=HITOFF&u=%2Fnetahtml%2FPTO%2Fsearch-adv.htm&r=140&f=G&l=50&d=PTXT&s1=%22Can+Opener%22.TI.&p=3&OS=TTL/%22Can+Opener%22&RS=TTL/%22Can+Opener%22
Industrial Can Opener,"6,158,130",http://patft.uspto.gov/netacgi/nph-Parser?Sect1=PTO2&Sect2=HITOFF&u=%2Fnetahtml%2FPTO%2Fsearch-adv.htm&r=141&f=G&l=50&d=PTXT&s1=%22Can+Opener%22.TI.&p=3&OS=TTL/%22Can+Opener%22&RS=TTL/%22Can+Opener%22
Flip Top Can Opener,"D432,377",http://patft.uspto.gov/netacgi/nph-Parser?Sect1=PTO2&Sect2=HITOFF&u=%2Fnetahtml%2FPTO%2Fsearch-adv.htm&r=144&f=G&l=50&d=PTXT&s1=%22Can+Opener%22.TI.&p=3&OS=TTL/%22Can+Opener%22&RS=TTL/%22Can+Opener%22
HACCP Can Opener,"6,108,917",http://patft.uspto.gov/netacgi/nph-Parser?Sect1=PTO2&Sect2=HITOFF&u=%2Fnetahtml%2FPTO%2Fsearch-adv.htm&r=147&f=G&l=50&d=PTXT&s1=%22Can+Opener%22.TI.&p=3&OS=TTL/%22Can+Opener%22&RS=TTL/%22Can+Opener%22
Special Can Opener,"6,101,720",http://patft.uspto.gov/netacgi/nph-Parser?Sect1=PTO2&Sect2=HITOFF&u=%2Fnetahtml%2FPTO%2Fsearch-adv.htm&r=149&f=G&l=50&d=PTXT&s1=%22Can+Opener%22.TI.&p=3&OS=TTL/%22Can+Opener%22&RS=TTL/%22Can+Opener%22
Can Opener With Rotating Bottom Support,"6,098,293",http://patft.uspto.gov/netacgi/nph-Parser?Sect1=PTO2&Sect2=HITOFF&u=%2Fnetahtml%2FPTO%2Fsearch-adv.htm&r=150&f=G&l=50&d=PTXT&s1=%22Can+Opener%22.TI.&p=3&OS=TTL/%22Can+Opener%22&RS=TTL/%22Can+Opener%22
Outer seam wall can opener,"6,094,828",http://patft.uspto.gov/netacgi/nph-Parser?Sect1=PTO2&Sect2=HITOFF&u=%2Fnetahtml%2FPTO%2Fsearch-adv.htm&r=151&f=G&l=50&d=PTXT&s1=%22Can+Opener%22.TI.&p=4&OS=TTL/%22Can+Opener%22&RS=TTL/%22Can+Opener%22
Can opener with a lid magnet,"6,088,921",http://patft.uspto.gov/netacgi/nph-Parser?Sect1=PTO2&Sect2=HITOFF&u=%2Fnetahtml%2FPTO%2Fsearch-adv.htm&r=153&f=G&l=50&d=PTXT&s1=%22Can+Opener%22.TI.&p=4&OS=TTL/%22Can+Opener%22&RS=TTL/%22Can+Opener%22
Can opener,"6,058,613",http://patft.uspto.gov/netacgi/nph-Parser?Sect1=PTO2&Sect2=HITOFF&u=%2Fnetahtml%2FPTO%2Fsearch-adv.htm&r=154&f=G&l=50&d=PTXT&s1=%22Can+Opener%22.TI.&p=4&OS=TTL/%22Can+Opener%22&RS=TTL/%22Can+Opener%22
Can opener,"D423,313",http://patft.uspto.gov/netacgi/nph-Parser?Sect1=PTO2&Sect2=HITOFF&u=%2Fnetahtml%2FPTO%2Fsearch-adv.htm&r=155&f=G&l=50&d=PTXT&s1=%22Can+Opener%22.TI.&p=4&OS=TTL/%22Can+Opener%22&RS=TTL/%22Can+Opener%22
Electric can opener,"D423,311",http://patft.uspto.gov/netacgi/nph-Parser?Sect1=PTO2&Sect2=HITOFF&u=%2Fnetahtml%2FPTO%2Fsearch-adv.htm&r=156&f=G&l=50&d=PTXT&s1=%22Can+Opener%22.TI.&p=4&OS=TTL/%22Can+Opener%22&RS=TTL/%22Can+Opener%22
Can opener,"D422,468",http://patft.uspto.gov/netacgi/nph-Parser?Sect1=PTO2&Sect2=HITOFF&u=%2Fnetahtml%2FPTO%2Fsearch-adv.htm&r=157&f=G&l=50&d=PTXT&s1=%22Can+Opener%22.TI.&p=4&OS=TTL/%22Can+Opener%22&RS=TTL/%22Can+Opener%22
Cordless electric can opener,"D421,205",http://patft.uspto.gov/netacgi/nph-Parser?Sect1=PTO2&Sect2=HITOFF&u=%2Fnetahtml%2FPTO%2Fsearch-adv.htm&r=158&f=G&l=50&d=PTXT&s1=%22Can+Opener%22.TI.&p=4&OS=TTL/%22Can+Opener%22&RS=TTL/%22Can+Opener%22
Can opener,"D418,728",http://patft.uspto.gov/netacgi/nph-Parser?Sect1=PTO2&Sect2=HITOFF&u=%2Fnetahtml%2FPTO%2Fsearch-adv.htm&r=159&f=G&l=50&d=PTXT&s1=%22Can+Opener%22.TI.&p=4&OS=TTL/%22Can+Opener%22&RS=TTL/%22Can+Opener%22
Can opener,"D418,029",http://patft.uspto.gov/netacgi/nph-Parser?Sect1=PTO2&Sect2=HITOFF&u=%2Fnetahtml%2FPTO%2Fsearch-adv.htm&r=160&f=G&l=50&d=PTXT&s1=%22Can+Opener%22.TI.&p=4&OS=TTL/%22Can+Opener%22&RS=TTL/%22Can+Opener%22
Can opener,"D415,666",http://patft.uspto.gov/netacgi/nph-Parser?Sect1=PTO2&Sect2=HITOFF&u=%2Fnetahtml%2FPTO%2Fsearch-adv.htm&r=161&f=G&l=50&d=PTXT&s1=%22Can+Opener%22.TI.&p=4&OS=TTL/%22Can+Opener%22&RS=TTL/%22Can+Opener%22
Cutter wheel type can opener,"5,970,618",http://patft.uspto.gov/netacgi/nph-Parser?Sect1=PTO2&Sect2=HITOFF&u=%2Fnetahtml%2FPTO%2Fsearch-adv.htm&r=162&f=G&l=50&d=PTXT&s1=%22Can+Opener%22.TI.&p=4&OS=TTL/%22Can+Opener%22&RS=TTL/%22Can+Opener%22
Side cutting can opener with a double grip,"5,946,811",http://patft.uspto.gov/netacgi/nph-Parser?Sect1=PTO2&Sect2=HITOFF&u=%2Fnetahtml%2FPTO%2Fsearch-adv.htm&r=163&f=G&l=50&d=PTXT&s1=%22Can+Opener%22.TI.&p=4&OS=TTL/%22Can+Opener%22&RS=TTL/%22Can+Opener%22
Can opener,"D413,054",http://patft.uspto.gov/netacgi/nph-Parser?Sect1=PTO2&Sect2=HITOFF&u=%2Fnetahtml%2FPTO%2Fsearch-adv.htm&r=164&f=G&l=50&d=PTXT&s1=%22Can+Opener%22.TI.&p=4&OS=TTL/%22Can+Opener%22&RS=TTL/%22Can+Opener%22
Can opener,"5,931,058",http://patft.uspto.gov/netacgi/nph-Parser?Sect1=PTO2&Sect2=HITOFF&u=%2Fnetahtml%2FPTO%2Fsearch-adv.htm&r=166&f=G&l=50&d=PTXT&s1=%22Can+Opener%22.TI.&p=4&OS=TTL/%22Can+Opener%22&RS=TTL/%22Can+Opener%22
Can opener,"D411,789",http://patft.uspto.gov/netacgi/nph-Parser?Sect1=PTO2&Sect2=HITOFF&u=%2Fnetahtml%2FPTO%2Fsearch-adv.htm&r=167&f=G&l=50&d=PTXT&s1=%22Can+Opener%22.TI.&p=4&OS=TTL/%22Can+Opener%22&RS=TTL/%22Can+Opener%22
Can opener apparatus for pull-ring containers,"5,913,953",http://patft.uspto.gov/netacgi/nph-Parser?Sect1=PTO2&Sect2=HITOFF&u=%2Fnetahtml%2FPTO%2Fsearch-adv.htm&r=168&f=G&l=50&d=PTXT&s1=%22Can+Opener%22.TI.&p=4&OS=TTL/%22Can+Opener%22&RS=TTL/%22Can+Opener%22
Can opener,"D410,827",http://patft.uspto.gov/netacgi/nph-Parser?Sect1=PTO2&Sect2=HITOFF&u=%2Fnetahtml%2FPTO%2Fsearch-adv.htm&r=169&f=G&l=50&d=PTXT&s1=%22Can+Opener%22.TI.&p=4&OS=TTL/%22Can+Opener%22&RS=TTL/%22Can+Opener%22
Can opener,"D409,888",http://patft.uspto.gov/netacgi/nph-Parser?Sect1=PTO2&Sect2=HITOFF&u=%2Fnetahtml%2FPTO%2Fsearch-adv.htm&r=171&f=G&l=50&d=PTXT&s1=%22Can+Opener%22.TI.&p=4&OS=TTL/%22Can+Opener%22&RS=TTL/%22Can+Opener%22
Can opener,"D410,180",http://patft.uspto.gov/netacgi/nph-Parser?Sect1=PTO2&Sect2=HITOFF&u=%2Fnetahtml%2FPTO%2Fsearch-adv.htm&r=170&f=G&l=50&d=PTXT&s1=%22Can+Opener%22.TI.&p=4&OS=TTL/%22Can+Opener%22&RS=TTL/%22Can+Opener%22
Can opener,"D409,063",http://patft.uspto.gov/netacgi/nph-Parser?Sect1=PTO2&Sect2=HITOFF&u=%2Fnetahtml%2FPTO%2Fsearch-adv.htm&r=172&f=G&l=50&d=PTXT&s1=%22Can+Opener%22.TI.&p=4&OS=TTL/%22Can+Opener%22&RS=TTL/%22Can+Opener%22
Can opener,"D408,235",http://patft.uspto.gov/netacgi/nph-Parser?Sect1=PTO2&Sect2=HITOFF&u=%2Fnetahtml%2FPTO%2Fsearch-adv.htm&r=173&f=G&l=50&d=PTXT&s1=%22Can+Opener%22.TI.&p=4&OS=TTL/%22Can+Opener%22&RS=TTL/%22Can+Opener%22
Combined can opener and bag sealer,"D407,614",http://patft.uspto.gov/netacgi/nph-Parser?Sect1=PTO2&Sect2=HITOFF&u=%2Fnetahtml%2FPTO%2Fsearch-adv.htm&r=174&f=G&l=50&d=PTXT&s1=%22Can+Opener%22.TI.&p=4&OS=TTL/%22Can+Opener%22&RS=TTL/%22Can+Opener%22
Can opener,"D406,994",http://patft.uspto.gov/netacgi/nph-Parser?Sect1=PTO2&Sect2=HITOFF&u=%2Fnetahtml%2FPTO%2Fsearch-adv.htm&r=175&f=G&l=50&d=PTXT&s1=%22Can+Opener%22.TI.&p=4&OS=TTL/%22Can+Opener%22&RS=TTL/%22Can+Opener%22
Can opener,"D406,738",http://patft.uspto.gov/netacgi/nph-Parser?Sect1=PTO2&Sect2=HITOFF&u=%2Fnetahtml%2FPTO%2Fsearch-adv.htm&r=176&f=G&l=50&d=PTXT&s1=%22Can+Opener%22.TI.&p=4&OS=TTL/%22Can+Opener%22&RS=TTL/%22Can+Opener%22
Can opener,"D406,222",http://patft.uspto.gov/netacgi/nph-Parser?Sect1=PTO2&Sect2=HITOFF&u=%2Fnetahtml%2FPTO%2Fsearch-adv.htm&r=177&f=G&l=50&d=PTXT&s1=%22Can+Opener%22.TI.&p=4&OS=TTL/%22Can+Opener%22&RS=TTL/%22Can+Opener%22
Can opener,"D406,027",http://patft.uspto.gov/netacgi/nph-Parser?Sect1=PTO2&Sect2=HITOFF&u=%2Fnetahtml%2FPTO%2Fsearch-adv.htm&r=178&f=G&l=50&d=PTXT&s1=%22Can+Opener%22.TI.&p=4&OS=TTL/%22Can+Opener%22&RS=TTL/%22Can+Opener%22
Can opener,"D406,026",http://patft.uspto.gov/netacgi/nph-Parser?Sect1=PTO2&Sect2=HITOFF&u=%2Fnetahtml%2FPTO%2Fsearch-adv.htm&r=179&f=G&l=50&d=PTXT&s1=%22Can+Opener%22.TI.&p=4&OS=TTL/%22Can+Opener%22&RS=TTL/%22Can+Opener%22
Can opener,"D405,332",http://patft.uspto.gov/netacgi/nph-Parser?Sect1=PTO2&Sect2=HITOFF&u=%2Fnetahtml%2FPTO%2Fsearch-adv.htm&r=180&f=G&l=50&d=PTXT&s1=%22Can+Opener%22.TI.&p=4&OS=TTL/%22Can+Opener%22&RS=TTL/%22Can+Opener%22
Can opener,"D405,331",http://patft.uspto.gov/netacgi/nph-Parser?Sect1=PTO2&Sect2=HITOFF&u=%2Fnetahtml%2FPTO%2Fsearch-adv.htm&r=181&f=G&l=50&d=PTXT&s1=%22Can+Opener%22.TI.&p=4&OS=TTL/%22Can+Opener%22&RS=TTL/%22Can+Opener%22
Can opener,"D404,623",http://patft.uspto.gov/netacgi/nph-Parser?Sect1=PTO2&Sect2=HITOFF&u=%2Fnetahtml%2FPTO%2Fsearch-adv.htm&r=182&f=G&l=50&d=PTXT&s1=%22Can+Opener%22.TI.&p=4&OS=TTL/%22Can+Opener%22&RS=TTL/%22Can+Opener%22
Can opener,"D404,270",http://patft.uspto.gov/netacgi/nph-Parser?Sect1=PTO2&Sect2=HITOFF&u=%2Fnetahtml%2FPTO%2Fsearch-adv.htm&r=183&f=G&l=50&d=PTXT&s1=%22Can+Opener%22.TI.&p=4&OS=TTL/%22Can+Opener%22&RS=TTL/%22Can+Opener%22
Can opener,"D404,270",http://patft.uspto.gov/netacgi/nph-Parser?Sect1=PTO2&Sect2=HITOFF&u=%2Fnetahtml%2FPTO%2Fsearch-adv.htm&r=183&f=G&l=50&d=PTXT&s1=%22Can+Opener%22.TI.&p=4&OS=TTL/%22Can+Opener%22&RS=TTL/%22Can+Opener%22
Can opener,"D404,269",http://patft.uspto.gov/netacgi/nph-Parser?Sect1=PTO2&Sect2=HITOFF&u=%2Fnetahtml%2FPTO%2Fsearch-adv.htm&r=184&f=G&l=50&d=PTXT&s1=%22Can+Opener%22.TI.&p=4&OS=TTL/%22Can+Opener%22&RS=TTL/%22Can+Opener%22
Can opener,"D403,217",http://patft.uspto.gov/netacgi/nph-Parser?Sect1=PTO2&Sect2=HITOFF&u=%2Fnetahtml%2FPTO%2Fsearch-adv.htm&r=185&f=G&l=50&d=PTXT&s1=%22Can+Opener%22.TI.&p=4&OS=TTL/%22Can+Opener%22&RS=TTL/%22Can+Opener%22
Can opener,"D401,823",http://patft.uspto.gov/netacgi/nph-Parser?Sect1=PTO2&Sect2=HITOFF&u=%2Fnetahtml%2FPTO%2Fsearch-adv.htm&r=186&f=G&l=50&d=PTXT&s1=%22Can+Opener%22.TI.&p=4&OS=TTL/%22Can+Opener%22&RS=TTL/%22Can+Opener%22
Can opener,"D397,600",http://patft.uspto.gov/netacgi/nph-Parser?Sect1=PTO2&Sect2=HITOFF&u=%2Fnetahtml%2FPTO%2Fsearch-adv.htm&r=187&f=G&l=50&d=PTXT&s1=%22Can+Opener%22.TI.&p=4&OS=TTL/%22Can+Opener%22&RS=TTL/%22Can+Opener%22
Can opener,"D397,009",http://patft.uspto.gov/netacgi/nph-Parser?Sect1=PTO2&Sect2=HITOFF&u=%2Fnetahtml%2FPTO%2Fsearch-adv.htm&r=188&f=G&l=50&d=PTXT&s1=%22Can+Opener%22.TI.&p=4&OS=TTL/%22Can+Opener%22&RS=TTL/%22Can+Opener%22
Can opener,"5,794,353",http://patft.uspto.gov/netacgi/nph-Parser?Sect1=PTO2&Sect2=HITOFF&u=%2Fnetahtml%2FPTO%2Fsearch-adv.htm&r=189&f=G&l=50&d=PTXT&s1=%22Can+Opener%22.TI.&p=4&OS=TTL/%22Can+Opener%22&RS=TTL/%22Can+Opener%22
Electric can opener,"D396,788",http://patft.uspto.gov/netacgi/nph-Parser?Sect1=PTO2&Sect2=HITOFF&u=%2Fnetahtml%2FPTO%2Fsearch-adv.htm&r=190&f=G&l=50&d=PTXT&s1=%22Can+Opener%22.TI.&p=4&OS=TTL/%22Can+Opener%22&RS=TTL/%22Can+Opener%22
Can opener,"5,787,592",http://patft.uspto.gov/netacgi/nph-Parser?Sect1=PTO2&Sect2=HITOFF&u=%2Fnetahtml%2FPTO%2Fsearch-adv.htm&r=191&f=G&l=50&d=PTXT&s1=%22Can+Opener%22.TI.&p=4&OS=TTL/%22Can+Opener%22&RS=TTL/%22Can+Opener%22
Can opener,"D394,791",http://patft.uspto.gov/netacgi/nph-Parser?Sect1=PTO2&Sect2=HITOFF&u=%2Fnetahtml%2FPTO%2Fsearch-adv.htm&r=192&f=G&l=50&d=PTXT&s1=%22Can+Opener%22.TI.&p=4&OS=TTL/%22Can+Opener%22&RS=TTL/%22Can+Opener%22
Can opener,"D394,590",http://patft.uspto.gov/netacgi/nph-Parser?Sect1=PTO2&Sect2=HITOFF&u=%2Fnetahtml%2FPTO%2Fsearch-adv.htm&r=193&f=G&l=50&d=PTXT&s1=%22Can+Opener%22.TI.&p=4&OS=TTL/%22Can+Opener%22&RS=TTL/%22Can+Opener%22
Can opener,"D393,403",http://patft.uspto.gov/netacgi/nph-Parser?Sect1=PTO2&Sect2=HITOFF&u=%2Fnetahtml%2FPTO%2Fsearch-adv.htm&r=194&f=G&l=50&d=PTXT&s1=%22Can+Opener%22.TI.&p=4&OS=TTL/%22Can+Opener%22&RS=TTL/%22Can+Opener%22
Can opener,"D392,857",http://patft.uspto.gov/netacgi/nph-Parser?Sect1=PTO2&Sect2=HITOFF&u=%2Fnetahtml%2FPTO%2Fsearch-adv.htm&r=195&f=G&l=50&d=PTXT&s1=%22Can+Opener%22.TI.&p=4&OS=TTL/%22Can+Opener%22&RS=TTL/%22Can+Opener%22
Can opener,"D388,674",http://patft.uspto.gov/netacgi/nph-Parser?Sect1=PTO2&Sect2=HITOFF&u=%2Fnetahtml%2FPTO%2Fsearch-adv.htm&r=196&f=G&l=50&d=PTXT&s1=%22Can+Opener%22.TI.&p=4&OS=TTL/%22Can+Opener%22&RS=TTL/%22Can+Opener%22
Can opener,"D387,644",http://patft.uspto.gov/netacgi/nph-Parser?Sect1=PTO2&Sect2=HITOFF&u=%2Fnetahtml%2FPTO%2Fsearch-adv.htm&r=197&f=G&l=50&d=PTXT&s1=%22Can+Opener%22.TI.&p=4&OS=TTL/%22Can+Opener%22&RS=TTL/%22Can+Opener%22
Can opener,"D387,643",http://patft.uspto.gov/netacgi/nph-Parser?Sect1=PTO2&Sect2=HITOFF&u=%2Fnetahtml%2FPTO%2Fsearch-adv.htm&r=198&f=G&l=50&d=PTXT&s1=%22Can+Opener%22.TI.&p=4&OS=TTL/%22Can+Opener%22&RS=TTL/%22Can+Opener%22
Can opener housing,"D387,642",http://patft.uspto.gov/netacgi/nph-Parser?Sect1=PTO2&Sect2=HITOFF&u=%2Fnetahtml%2FPTO%2Fsearch-adv.htm&r=199&f=G&l=50&d=PTXT&s1=%22Can+Opener%22.TI.&p=4&OS=TTL/%22Can+Opener%22&RS=TTL/%22Can+Opener%22
Combination can opener and knife sharpener,"D387,641",http://patft.uspto.gov/netacgi/nph-Parser?Sect1=PTO2&Sect2=HITOFF&u=%2Fnetahtml%2FPTO%2Fsearch-adv.htm&r=200&f=G&l=50&d=PTXT&s1=%22Can+Opener%22.TI.&p=4&OS=TTL/%22Can+Opener%22&RS=TTL/%22Can+Opener%22
can opener,D409888,http://patft.uspto.gov/netacgi/nph-Parser?Sect1=PTO2&Sect2=HITOFF&u=%2Fnetahtml%2FPTO%2Fsearch-adv.htm&r=743&f=G&l=50&d=PTXT&s1=%22can+opener%22&p=15&OS=%22can+opener%22&RS=%22can+opener%22
can opener,D409063,http://patft.uspto.gov/netacgi/nph-Parser?Sect1=PTO2&Sect2=HITOFF&u=%2Fnetahtml%2FPTO%2Fsearch-adv.htm&r=744&f=G&l=50&d=PTXT&s1=%22can+opener%22&p=15&OS=%22can+opener%22&RS=%22can+opener%22
can opener,D408235,http://patft.uspto.gov/netacgi/nph-Parser?Sect1=PTO2&Sect2=HITOFF&u=%2Fnetahtml%2FPTO%2Fsearch-adv.htm&r=745&f=G&l=50&d=PTXT&s1=%22can+opener%22&p=15&OS=%22can+opener%22&RS=%22can+opener%22
combined can opener and bag sealer,D407614,http://patft.uspto.gov/netacgi/nph-Parser?Sect1=PTO2&Sect2=HITOFF&u=%2Fnetahtml%2FPTO%2Fsearch-adv.htm&r=747&f=G&l=50&d=PTXT&s1=%22can+opener%22&p=15&OS=%22can+opener%22&RS=%22can+opener%22
can opener,D406994,http://patft.uspto.gov/netacgi/nph-Parser?Sect1=PTO2&Sect2=HITOFF&u=%2Fnetahtml%2FPTO%2Fsearch-adv.htm&r=748&f=G&l=50&d=PTXT&s1=%22can+opener%22&p=15&OS=%22can+opener%22&RS=%22can+opener%22
can opener,D406738,http://patft.uspto.gov/netacgi/nph-Parser?Sect1=PTO2&Sect2=HITOFF&u=%2Fnetahtml%2FPTO%2Fsearch-adv.htm&r=750&f=G&l=50&d=PTXT&s1=%22can+opener%22&p=15&OS=%22can+opener%22&RS=%22can+opener%22
can opener,D406222,http://patft.uspto.gov/netacgi/nph-Parser?Sect1=PTO2&Sect2=HITOFF&u=%2Fnetahtml%2FPTO%2Fsearch-adv.htm&r=752&f=G&l=50&d=PTXT&s1=%22can+opener%22&p=16&OS=%22can+opener%22&RS=%22can+opener%22
can opener,D406027,http://patft.uspto.gov/netacgi/nph-Parser?Sect1=PTO2&Sect2=HITOFF&u=%2Fnetahtml%2FPTO%2Fsearch-adv.htm&r=754&f=G&l=50&d=PTXT&s1=%22can+opener%22&p=16&OS=%22can+opener%22&RS=%22can+opener%22
can opener,D406026,http://patft.uspto.gov/netacgi/nph-Parser?Sect1=PTO2&Sect2=HITOFF&u=%2Fnetahtml%2FPTO%2Fsearch-adv.htm&r=755&f=G&l=50&d=PTXT&s1=%22can+opener%22&p=16&OS=%22can+opener%22&RS=%22can+opener%22
can opener,D405332,http://patft.uspto.gov/netacgi/nph-Parser?Sect1=PTO2&Sect2=HITOFF&u=%2Fnetahtml%2FPTO%2Fsearch-adv.htm&r=758&f=G&l=50&d=PTXT&s1=%22can+opener%22&p=16&OS=%22can+opener%22&RS=%22can+opener%22
can opener,D405331,http://patft.uspto.gov/netacgi/nph-Parser?Sect1=PTO2&Sect2=HITOFF&u=%2Fnetahtml%2FPTO%2Fsearch-adv.htm&r=759&f=G&l=50&d=PTXT&s1=%22can+opener%22&p=16&OS=%22can+opener%22&RS=%22can+opener%22
can opener,D404623,http://patft.uspto.gov/netacgi/nph-Parser?Sect1=PTO2&Sect2=HITOFF&u=%2Fnetahtml%2FPTO%2Fsearch-adv.htm&r=760&f=G&l=50&d=PTXT&s1=%22can+opener%22&p=16&OS=%22can+opener%22&RS=%22can+opener%22
can opener,D404270,http://patft.uspto.gov/netacgi/nph-Parser?Sect1=PTO2&Sect2=HITOFF&u=%2Fnetahtml%2FPTO%2Fsearch-adv.htm&r=761&f=G&l=50&d=PTXT&s1=%22can+opener%22&p=16&OS=%22can+opener%22&RS=%22can+opener%22
can opener,D404269,http://patft.uspto.gov/netacgi/nph-Parser?Sect1=PTO2&Sect2=HITOFF&u=%2Fnetahtml%2FPTO%2Fsearch-adv.htm&r=762&f=G&l=50&d=PTXT&s1=%22can+opener%22&p=16&OS=%22can+opener%22&RS=%22can+opener%22
can opener,D403217,http://patft.uspto.gov/netacgi/nph-Parser?Sect1=PTO2&Sect2=HITOFF&u=%2Fnetahtml%2FPTO%2Fsearch-adv.htm&r=764&f=G&l=50&d=PTXT&s1=%22can+opener%22&p=16&OS=%22can+opener%22&RS=%22can+opener%22
can opener,D401823,http://patft.uspto.gov/netacgi/nph-Parser?Sect1=PTO2&Sect2=HITOFF&u=%2Fnetahtml%2FPTO%2Fsearch-adv.htm&r=768&f=G&l=50&d=PTXT&s1=%22can+opener%22&p=16&OS=%22can+opener%22&RS=%22can+opener%22
can opener,D397600,http://patft.uspto.gov/netacgi/nph-Parser?Sect1=PTO2&Sect2=HITOFF&u=%2Fnetahtml%2FPTO%2Fsearch-adv.htm&r=774&f=G&l=50&d=PTXT&s1=%22can+opener%22&p=16&OS=%22can+opener%22&RS=%22can+opener%22
can opener,D397009,http://patft.uspto.gov/netacgi/nph-Parser?Sect1=PTO2&Sect2=HITOFF&u=%2Fnetahtml%2FPTO%2Fsearch-adv.htm&r=776&f=G&l=50&d=PTXT&s1=%22can+opener%22&p=16&OS=%22can+opener%22&RS=%22can+opener%22
method of an apparatus for disassembling can for measurement of can seam dimensions,5794499,http://patft.uspto.gov/netacgi/nph-Parser?Sect1=PTO2&Sect2=HITOFF&u=%2Fnetahtml%2FPTO%2Fsearch-adv.htm&r=777&f=G&l=50&d=PTXT&s1=%22can+opener%22&p=16&OS=%22can+opener%22&RS=%22can+opener%22
can opener,5794353,http://patft.uspto.gov/netacgi/nph-Parser?Sect1=PTO2&Sect2=HITOFF&u=%2Fnetahtml%2FPTO%2Fsearch-adv.htm&r=778&f=G&l=50&d=PTXT&s1=%22can+opener%22&p=16&OS=%22can+opener%22&RS=%22can+opener%22
electric can opener,D396788,http://patft.uspto.gov/netacgi/nph-Parser?Sect1=PTO2&Sect2=HITOFF&u=%2Fnetahtml%2FPTO%2Fsearch-adv.htm&r=779&f=G&l=50&d=PTXT&s1=%22can+opener%22&p=16&OS=%22can+opener%22&RS=%22can+opener%22
can opener,5787592,http://patft.uspto.gov/netacgi/nph-Parser?Sect1=PTO2&Sect2=HITOFF&u=%2Fnetahtml%2FPTO%2Fsearch-adv.htm&r=781&f=G&l=50&d=PTXT&s1=%22can+opener%22&p=16&OS=%22can+opener%22&RS=%22can+opener%22
container lid cutter and opener,5778472,http://patft.uspto.gov/netacgi/nph-Parser?Sect1=PTO2&Sect2=HITOFF&u=%2Fnetahtml%2FPTO%2Fsearch-adv.htm&r=783&f=G&l=50&d=PTXT&s1=%22can+opener%22&p=16&OS=%22can+opener%22&RS=%22can+opener%22
beverage container easy opener,5771759,http://patft.uspto.gov/netacgi/nph-Parser?Sect1=PTO2&Sect2=HITOFF&u=%2Fnetahtml%2FPTO%2Fsearch-adv.htm&r=785&f=G&l=50&d=PTXT&s1=%22can+opener%22&p=16&OS=%22can+opener%22&RS=%22can+opener%22
easy open end of a metal-plastic construction,5770290,http://patft.uspto.gov/netacgi/nph-Parser?Sect1=PTO2&Sect2=HITOFF&u=%2Fnetahtml%2FPTO%2Fsearch-adv.htm&r=787&f=G&l=50&d=PTXT&s1=%22can+opener%22&p=16&OS=%22can+opener%22&RS=%22can+opener%22
can opener,D394791,http://patft.uspto.gov/netacgi/nph-Parser?Sect1=PTO2&Sect2=HITOFF&u=%2Fnetahtml%2FPTO%2Fsearch-adv.htm&r=789&f=G&l=50&d=PTXT&s1=%22can+opener%22&p=16&OS=%22can+opener%22&RS=%22can+opener%22
Piercing container cap,5758788,http://patft.uspto.gov/netacgi/nph-Parser?Sect1=PTO2&Sect2=HITOFF&u=%2Fnetahtml%2FPTO%2Fsearch-adv.htm&r=791&f=G&l=50&d=PTXT&s1=%22can+opener%22&p=16&OS=%22can+opener%22&RS=%22can+opener%22
can opener,D394590,http://patft.uspto.gov/netacgi/nph-Parser?Sect1=PTO2&Sect2=HITOFF&u=%2Fnetahtml%2FPTO%2Fsearch-adv.htm&r=789&f=G&l=50&d=PTXT&s1=%22can+opener%22&p=16&OS=%22can+opener%22&RS=%22can+opener%22
can opener,D393403,http://patft.uspto.gov/netacgi/nph-Parser?Sect1=PTO2&Sect2=HITOFF&u=%2Fnetahtml%2FPTO%2Fsearch-adv.htm&r=796&f=G&l=50&d=PTXT&s1=%22can+opener%22&p=16&OS=%22can+opener%22&RS=%22can+opener%22
can opener,D392857,http://patft.uspto.gov/netacgi/nph-Parser?Sect1=PTO2&Sect2=HITOFF&u=%2Fnetahtml%2FPTO%2Fsearch-adv.htm&r=798&f=G&l=50&d=PTXT&s1=%22can+opener%22&p=16&OS=%22can+opener%22&RS=%22can+opener%22
food can drainer,5706721,http://patft.uspto.gov/netacgi/nph-Parser?Sect1=PTO2&Sect2=HITOFF&u=%2Fnetahtml%2FPTO%2Fsearch-adv.htm&r=804&f=G&l=50&d=PTXT&s1=%22can+opener%22&p=17&OS=%22can+opener%22&RS=%22can+opener%22
can opener,D388674,http://patft.uspto.gov/netacgi/nph-Parser?Sect1=PTO2&Sect2=HITOFF&u=%2Fnetahtml%2FPTO%2Fsearch-adv.htm&r=805&f=G&l=50&d=PTXT&s1=%22can+opener%22&p=17&OS=%22can+opener%22&RS=%22can+opener%22
can opener,D387644,http://patft.uspto.gov/netacgi/nph-Parser?Sect1=PTO2&Sect2=HITOFF&u=%2Fnetahtml%2FPTO%2Fsearch-adv.htm&r=807&f=G&l=50&d=PTXT&s1=%22can+opener%22&p=17&OS=%22can+opener%22&RS=%22can+opener%22
can opener,D387643,http://patft.uspto.gov/netacgi/nph-Parser?Sect1=PTO2&Sect2=HITOFF&u=%2Fnetahtml%2FPTO%2Fsearch-adv.htm&r=808&f=G&l=50&d=PTXT&s1=%22can+opener%22&p=17&OS=%22can+opener%22&RS=%22can+opener%22
can opener housing,D387642,http://patft.uspto.gov/netacgi/nph-Parser?Sect1=PTO2&Sect2=HITOFF&u=%2Fnetahtml%2FPTO%2Fsearch-adv.htm&r=809&f=G&l=50&d=PTXT&s1=%22can+opener%22&p=17&OS=%22can+opener%22&RS=%22can+opener%22
easy flip top tab lifter,5699928,http://patft.uspto.gov/netacgi/nph-Parser?Sect1=PTO2&Sect2=HITOFF&u=%2Fnetahtml%2FPTO%2Fsearch-adv.htm&r=806&f=G&l=50&d=PTXT&s1=%22can+opener%22&p=17&OS=%22can+opener%22&RS=%22can+opener%22
combination can opener and knife sharpener,D387641,http://patft.uspto.gov/netacgi/nph-Parser?Sect1=PTO2&Sect2=HITOFF&u=%2Fnetahtml%2FPTO%2Fsearch-adv.htm&r=810&f=G&l=50&d=PTXT&s1=%22can+opener%22&p=17&OS=%22can+opener%22&RS=%22can+opener%22
can opener,5692309,http://patft.uspto.gov/netacgi/nph-Parser?Sect1=PTO2&Sect2=HITOFF&u=%2Fnetahtml%2FPTO%2Fsearch-adv.htm&r=815&f=G&l=50&d=PTXT&s1=%22can+opener%22&p=17&OS=%22can+opener%22&RS=%22can+opener%22
can opener,D384561,http://patft.uspto.gov/netacgi/nph-Parser?Sect1=PTO2&Sect2=HITOFF&u=%2Fnetahtml%2FPTO%2Fsearch-adv.htm&r=822&f=G&l=50&d=PTXT&s1=%22can+opener%22&p=17&OS=%22can+opener%22&RS=%22can+opener%22
combined bottle and can opener,D383954,http://patft.uspto.gov/netacgi/nph-Parser?Sect1=PTO2&Sect2=HITOFF&u=%2Fnetahtml%2FPTO%2Fsearch-adv.htm&r=824&f=G&l=50&d=PTXT&s1=%22can+opener%22&p=17&OS=%22can+opener%22&RS=%22can+opener%22
helemet shaped bottle and can opener,D383953,http://patft.uspto.gov/netacgi/nph-Parser?Sect1=PTO2&Sect2=HITOFF&u=%2Fnetahtml%2FPTO%2Fsearch-adv.htm&r=825&f=G&l=50&d=PTXT&s1=%22can+opener%22&p=17&OS=%22can+opener%22&RS=%22can+opener%22
can opener with moving lid retainer,5666735,http://patft.uspto.gov/netacgi/nph-Parser?Sect1=PTO2&Sect2=HITOFF&u=%2Fnetahtml%2FPTO%2Fsearch-adv.htm&r=826&f=G&l=50&d=PTXT&s1=%22can+opener%22&p=17&OS=%22can+opener%22&RS=%22can+opener%22
hand held and base operated can opener combination,5664333,http://patft.uspto.gov/netacgi/nph-Parser?Sect1=PTO2&Sect2=HITOFF&u=%2Fnetahtml%2FPTO%2Fsearch-adv.htm&r=827&f=G&l=50&d=PTXT&s1=%22can+opener%22&p=17&OS=%22can+opener%22&RS=%22can+opener%22
drive mechanism providing an oscillatory-rotational-drive input and a reversible rotational-driven-output,5662009,http://patft.uspto.gov/netacgi/nph-Parser?Sect1=PTO2&Sect2=HITOFF&u=%2Fnetahtml%2FPTO%2Fsearch-adv.htm&r=828&f=G&l=50&d=PTXT&s1=%22can+opener%22&p=17&OS=%22can+opener%22&RS=%22can+opener%22
multifunctional hand-held device,5652988,http://patft.uspto.gov/netacgi/nph-Parser?Sect1=PTO2&Sect2=HITOFF&u=%2Fnetahtml%2FPTO%2Fsearch-adv.htm&r=829&f=G&l=50&d=PTXT&s1=%22can+opener%22&p=17&OS=%22can+opener%22&RS=%22can+opener%22
folding safety can opener and method for opening cans,5644848,http://patft.uspto.gov/netacgi/nph-Parser?Sect1=PTO2&Sect2=HITOFF&u=%2Fnetahtml%2FPTO%2Fsearch-adv.htm&r=832&f=G&l=50&d=PTXT&s1=%22can+opener%22&p=17&OS=%22can+opener%22&RS=%22can+opener%22
jar opener,5617765,http://patft.uspto.gov/netacgi/nph-Parser?Sect1=PTO2&Sect2=HITOFF&u=%2Fnetahtml%2FPTO%2Fsearch-adv.htm&r=834&f=G&l=50&d=PTXT&s1=%22can+opener%22&p=17&OS=%22can+opener%22&RS=%22can+opener%22
can holder,5597190,http://patft.uspto.gov/netacgi/nph-Parser?Sect1=PTO2&Sect2=HITOFF&u=%2Fnetahtml%2FPTO%2Fsearch-adv.htm&r=837&f=G&l=50&d=PTXT&s1=%22can+opener%22&p=17&OS=%22can+opener%22&RS=%22can+opener%22
plier-type can opener,5581897,http://patft.uspto.gov/netacgi/nph-Parser?Sect1=PTO2&Sect2=HITOFF&u=%2Fnetahtml%2FPTO%2Fsearch-adv.htm&r=842&f=G&l=50&d=PTXT&s1=%22can+opener%22&p=17&OS=%22can+opener%22&RS=%22can+opener%22
folding safety can opener,D375029,http://patft.uspto.gov/netacgi/nph-Parser?Sect1=PTO2&Sect2=HITOFF&u=%2Fnetahtml%2FPTO%2Fsearch-adv.htm&r=847&f=G&l=50&d=PTXT&s1=%22can+opener%22&p=17&OS=%22can+opener%22&RS=%22can+opener%22
ring type bottle and pop-top can opener,D373941,http://patft.uspto.gov/netacgi/nph-Parser?Sect1=PTO2&Sect2=HITOFF&u=%2Fnetahtml%2FPTO%2Fsearch-adv.htm&r=848&f=G&l=50&d=PTXT&s1=%22can+opener%22&p=17&OS=%22can+opener%22&RS=%22can+opener%22
"beverage can and pivotal, screen guard opener system",5555993,http://patft.uspto.gov/netacgi/nph-Parser?Sect1=PTO2&Sect2=HITOFF&u=%2Fnetahtml%2FPTO%2Fsearch-adv.htm&r=849&f=G&l=50&d=PTXT&s1=%22can+opener%22&p=17&OS=%22can+opener%22&RS=%22can+opener%22
can opener for pull top cans,5555778,http://patft.uspto.gov/netacgi/nph-Parser?Sect1=PTO2&Sect2=HITOFF&u=%2Fnetahtml%2FPTO%2Fsearch-adv.htm&r=850&f=G&l=50&d=PTXT&s1=%22can+opener%22&p=17&OS=%22can+opener%22&RS=%22can+opener%22
scraper attachment for a hmmer,5542140,http://patft.uspto.gov/netacgi/nph-Parser?Sect1=PTO2&Sect2=HITOFF&u=%2Fnetahtml%2FPTO%2Fsearch-adv.htm&r=852&f=G&l=50&d=PTXT&s1=%22can+opener%22&p=18&OS=%22can+opener%22&RS=%22can+opener%22
opening device for cans,5535911,http://patft.uspto.gov/netacgi/nph-Parser?Sect1=PTO2&Sect2=HITOFF&u=%2Fnetahtml%2FPTO%2Fsearch-adv.htm&r=854&f=G&l=50&d=PTXT&s1=%22can+opener%22&p=18&OS=%22can+opener%22&RS=%22can+opener%22
container opener with extendable member,5497896,http://patft.uspto.gov/netacgi/nph-Parser?Sect1=PTO2&Sect2=HITOFF&u=%2Fnetahtml%2FPTO%2Fsearch-adv.htm&r=860&f=G&l=50&d=PTXT&s1=%22can+opener%22&p=18&OS=%22can+opener%22&RS=%22can+opener%22
combination tool,5497522,http://patft.uspto.gov/netacgi/nph-Parser?Sect1=PTO2&Sect2=HITOFF&u=%2Fnetahtml%2FPTO%2Fsearch-adv.htm&r=861&f=G&l=50&d=PTXT&s1=%22can+opener%22&p=18&OS=%22can+opener%22&RS=%22can+opener%22
can opener,D366997,http://patft.uspto.gov/netacgi/nph-Parser?Sect1=PTO2&Sect2=HITOFF&u=%2Fnetahtml%2FPTO%2Fsearch-adv.htm&r=863&f=G&l=50&d=PTXT&s1=%22can+opener%22&p=18&OS=%22can+opener%22&RS=%22can+opener%22
can opener,D366404,http://patft.uspto.gov/netacgi/nph-Parser?Sect1=PTO2&Sect2=HITOFF&u=%2Fnetahtml%2FPTO%2Fsearch-adv.htm&r=864&f=G&l=50&d=PTXT&s1=%22can+opener%22&p=18&OS=%22can+opener%22&RS=%22can+opener%22
purse file with pop top opener,5485642,http://patft.uspto.gov/netacgi/nph-Parser?Sect1=PTO2&Sect2=HITOFF&u=%2Fnetahtml%2FPTO%2Fsearch-adv.htm&r=866&f=G&l=50&d=PTXT&s1=%22can+opener%22&p=18&OS=%22can+opener%22&RS=%22can+opener%22
can opener,D366197,http://patft.uspto.gov/netacgi/nph-Parser?Sect1=PTO2&Sect2=HITOFF&u=%2Fnetahtml%2FPTO%2Fsearch-adv.htm&r=867&f=G&l=50&d=PTXT&s1=%22can+opener%22&p=18&OS=%22can+opener%22&RS=%22can+opener%22
combined paintbrush and paint can opener,D366150,http://patft.uspto.gov/netacgi/nph-Parser?Sect1=PTO2&Sect2=HITOFF&u=%2Fnetahtml%2FPTO%2Fsearch-adv.htm&r=868&f=G&l=50&d=PTXT&s1=%22can+opener%22&p=18&OS=%22can+opener%22&RS=%22can+opener%22
apparatus for cutting helically wound metal tubing,547717,http://patft.uspto.gov/netacgi/nph-Parser?Sect1=PTO2&Sect2=HITOFF&u=%2Fnetahtml%2FPTO%2Fsearch-adv.htm&r=870&f=G&l=50&d=PTXT&s1=%22can+opener%22&p=18&OS=%22can+opener%22&RS=%22can+opener%22
lid removing devices,5476023,http://patft.uspto.gov/netacgi/nph-Parser?Sect1=PTO2&Sect2=HITOFF&u=%2Fnetahtml%2FPTO%2Fsearch-adv.htm&r=873&f=G&l=50&d=PTXT&s1=%22can+opener%22&p=18&OS=%22can+opener%22&RS=%22can+opener%22
combined can opener and knife sharpener,D362794,http://patft.uspto.gov/netacgi/nph-Parser?Sect1=PTO2&Sect2=HITOFF&u=%2Fnetahtml%2FPTO%2Fsearch-adv.htm&r=879&f=G&l=50&d=PTXT&s1=%22can+opener%22&p=18&OS=%22can+opener%22&RS=%22can+opener%22
magnetic manual can opener,D362379,http://patft.uspto.gov/netacgi/nph-Parser?Sect1=PTO2&Sect2=HITOFF&u=%2Fnetahtml%2FPTO%2Fsearch-adv.htm&r=882&f=G&l=50&d=PTXT&s1=%22can+opener%22&p=18&OS=%22can+opener%22&RS=%22can+opener%22
can opener,D362378,http://patft.uspto.gov/netacgi/nph-Parser?Sect1=PTO2&Sect2=HITOFF&u=%2Fnetahtml%2FPTO%2Fsearch-adv.htm&r=883&f=G&l=50&d=PTXT&s1=%22can+opener%22&p=18&OS=%22can+opener%22&RS=%22can+opener%22
can opener,D362377,http://patft.uspto.gov/netacgi/nph-Parser?Sect1=PTO2&Sect2=HITOFF&u=%2Fnetahtml%2FPTO%2Fsearch-adv.htm&r=884&f=G&l=50&d=PTXT&s1=%22can+opener%22&p=18&OS=%22can+opener%22&RS=%22can+opener%22
hand-held electric can opener,D362165,http://patft.uspto.gov/netacgi/nph-Parser?Sect1=PTO2&Sect2=HITOFF&u=%2Fnetahtml%2FPTO%2Fsearch-adv.htm&r=885&f=G&l=50&d=PTXT&s1=%22can+opener%22&p=18&OS=%22can+opener%22&RS=%22can+opener%22
manually pivotable magnetic unit on a can opener for holding and releasing the cut lid of a can,5430945,http://patft.uspto.gov/netacgi/nph-Parser?Sect1=PTO2&Sect2=HITOFF&u=%2Fnetahtml%2FPTO%2Fsearch-adv.htm&r=891&f=G&l=50&d=PTXT&s1=%22can+opener%22&p=18&OS=%22can+opener%22&RS=%22can+opener%22
pivotably mounted kitchen appliance,5421092,http://patft.uspto.gov/netacgi/nph-Parser?Sect1=PTO2&Sect2=HITOFF&u=%2Fnetahtml%2FPTO%2Fsearch-adv.htm&r=893&f=G&l=50&d=PTXT&s1=%22can+opener%22&p=18&OS=%22can+opener%22&RS=%22can+opener%22
combined beverage can opener and cover,D358311,http://patft.uspto.gov/netacgi/nph-Parser?Sect1=PTO2&Sect2=HITOFF&u=%2Fnetahtml%2FPTO%2Fsearch-adv.htm&r=895&f=G&l=50&d=PTXT&s1=%22can+opener%22&p=18&OS=%22can+opener%22&RS=%22can+opener%22
"combined can opener, bottle opener, and bag closer",D357619,http://patft.uspto.gov/netacgi/nph-Parser?Sect1=PTO2&Sect2=HITOFF&u=%2Fnetahtml%2FPTO%2Fsearch-adv.htm&r=897&f=G&l=50&d=PTXT&s1=%22can+opener%22&p=18&OS=%22can+opener%22&RS=%22can+opener%22
can opening and liquid expelling apparatus,5403053,http://patft.uspto.gov/netacgi/nph-Parser?Sect1=PTO2&Sect2=HITOFF&u=%2Fnetahtml%2FPTO%2Fsearch-adv.htm&r=899&f=G&l=50&d=PTXT&s1=%22can+opener%22&p=18&OS=%22can+opener%22&RS=%22can+opener%22
can opener,D356237,http://patft.uspto.gov/netacgi/nph-Parser?Sect1=PTO2&Sect2=HITOFF&u=%2Fnetahtml%2FPTO%2Fsearch-adv.htm&r=901&f=G&l=50&d=PTXT&s1=%22can+opener%22&p=19&OS=%22can+opener%22&RS=%22can+opener%22
cylinder rupture vessel with cylinder rotation mechanism and rupture mechanism,5383498,http://patft.uspto.gov/netacgi/nph-Parser?Sect1=PTO2&Sect2=HITOFF&u=%2Fnetahtml%2FPTO%2Fsearch-adv.htm&r=903&f=G&l=50&d=PTXT&s1=%22can+opener%22&p=19&OS=%22can+opener%22&RS=%22can+opener%22
can opener,5367776,http://patft.uspto.gov/netacgi/nph-Parser?Sect1=PTO2&Sect2=HITOFF&u=%2Fnetahtml%2FPTO%2Fsearch-adv.htm&r=908&f=G&l=50&d=PTXT&s1=%22can+opener%22&p=19&OS=%22can+opener%22&RS=%22can+opener%22
can opener,5347720,http://patft.uspto.gov/netacgi/nph-Parser?Sect1=PTO2&Sect2=HITOFF&u=%2Fnetahtml%2FPTO%2Fsearch-adv.htm&r=910&f=G&l=50&d=PTXT&s1=%22can+opener%22&p=19&OS=%22can+opener%22&RS=%22can+opener%22
can opener,D348813,http://patft.uspto.gov/netacgi/nph-Parser?Sect1=PTO2&Sect2=HITOFF&u=%2Fnetahtml%2FPTO%2Fsearch-adv.htm&r=913&f=G&l=50&d=PTXT&s1=%22can+opener%22&p=19&OS=%22can+opener%22&RS=%22can+opener%22
pull tab can opener,5329832,http://patft.uspto.gov/netacgi/nph-Parser?Sect1=PTO2&Sect2=HITOFF&u=%2Fnetahtml%2FPTO%2Fsearch-adv.htm&r=914&f=G&l=50&d=PTXT&s1=%22can+opener%22&p=19&OS=%22can+opener%22&RS=%22can+opener%22
can opener,5313708,http://patft.uspto.gov/netacgi/nph-Parser?Sect1=PTO2&Sect2=HITOFF&u=%2Fnetahtml%2FPTO%2Fsearch-adv.htm&r=920&f=G&l=50&d=PTXT&s1=%22can+opener%22&p=19&OS=%22can+opener%22&RS=%22can+opener%22
can opener,D346939,http://patft.uspto.gov/netacgi/nph-Parser?Sect1=PTO2&Sect2=HITOFF&u=%2Fnetahtml%2FPTO%2Fsearch-adv.htm&r=921&f=G&l=50&d=PTXT&s1=%22can+opener%22&p=19&OS=%22can+opener%22&RS=%22can+opener%22
opening device for cans having tear-away closure panels with ring tabs,5309794,http://patft.uspto.gov/netacgi/nph-Parser?Sect1=PTO2&Sect2=HITOFF&u=%2Fnetahtml%2FPTO%2Fsearch-adv.htm&r=922&f=G&l=50&d=PTXT&s1=%22can+opener%22&p=19&OS=%22can+opener%22&RS=%22can+opener%22
can opener and jar sealing apparatus,5301433,http://patft.uspto.gov/netacgi/nph-Parser?Sect1=PTO2&Sect2=HITOFF&u=%2Fnetahtml%2FPTO%2Fsearch-adv.htm&r=923&f=G&l=50&d=PTXT&s1=%22can+opener%22&p=19&OS=%22can+opener%22&RS=%22can+opener%22
can drainer including magnetized plate and splash guard,5295432,http://patft.uspto.gov/netacgi/nph-Parser?Sect1=PTO2&Sect2=HITOFF&u=%2Fnetahtml%2FPTO%2Fsearch-adv.htm&r=925&f=G&l=50&d=PTXT&s1=%22can+opener%22&p=19&OS=%22can+opener%22&RS=%22can+opener%22
pry device adapted for removing container lids,5295419,http://patft.uspto.gov/netacgi/nph-Parser?Sect1=PTO2&Sect2=HITOFF&u=%2Fnetahtml%2FPTO%2Fsearch-adv.htm&r=926&f=G&l=50&d=PTXT&s1=%22can+opener%22&p=19&OS=%22can+opener%22&RS=%22can+opener%22
can opener,5291658,http://patft.uspto.gov/netacgi/nph-Parser?Sect1=PTO2&Sect2=HITOFF&u=%2Fnetahtml%2FPTO%2Fsearch-adv.htm&r=927&f=G&l=50&d=PTXT&s1=%22can+opener%22&p=19&OS=%22can+opener%22&RS=%22can+opener%22
safety can opener,5289638,http://patft.uspto.gov/netacgi/nph-Parser?Sect1=PTO2&Sect2=HITOFF&u=%2Fnetahtml%2FPTO%2Fsearch-adv.htm&r=928&f=G&l=50&d=PTXT&s1=%22can+opener%22&p=19&OS=%22can+opener%22&RS=%22can+opener%22
can opener,D343341,http://patft.uspto.gov/netacgi/nph-Parser?Sect1=PTO2&Sect2=HITOFF&u=%2Fnetahtml%2FPTO%2Fsearch-adv.htm&r=930&f=G&l=50&d=PTXT&s1=%22can+opener%22&p=19&OS=%22can+opener%22&RS=%22can+opener%22
apparatus for facilitating opening of pull tab cans,5277083,http://patft.uspto.gov/netacgi/nph-Parser?Sect1=PTO2&Sect2=HITOFF&u=%2Fnetahtml%2FPTO%2Fsearch-adv.htm&r=931&f=G&l=50&d=PTXT&s1=%22can+opener%22&p=19&OS=%22can+opener%22&RS=%22can+opener%22
can drainer,5272968,http://patft.uspto.gov/netacgi/nph-Parser?Sect1=PTO2&Sect2=HITOFF&u=%2Fnetahtml%2FPTO%2Fsearch-adv.htm&r=933&f=G&l=50&d=PTXT&s1=%22can+opener%22&p=19&OS=%22can+opener%22&RS=%22can+opener%22
can opener,D3397236,http://patft.uspto.gov/netacgi/nph-Parser?Sect1=PTO2&Sect2=HITOFF&u=%2Fnetahtml%2FPTO%2Fsearch-adv.htm&r=939&f=G&l=50&d=PTXT&s1=%22can+opener%22&p=19&OS=%22can+opener%22&RS=%22can+opener%22
can opener,D339042,http://patft.uspto.gov/netacgi/nph-Parser?Sect1=PTO2&Sect2=HITOFF&u=%2Fnetahtml%2FPTO%2Fsearch-adv.htm&r=942&f=G&l=50&d=PTXT&s1=%22can+opener%22&p=19&OS=%22can+opener%22&RS=%22can+opener%22
portable can opener apparatus,5239757,http://patft.uspto.gov/netacgi/nph-Parser?Sect1=PTO2&Sect2=HITOFF&u=%2Fnetahtml%2FPTO%2Fsearch-adv.htm&r=945&f=G&l=50&d=PTXT&s1=%22can+opener%22&p=19&OS=%22can+opener%22&RS=%22can+opener%22
combined finger ring and pull-top and pull-top can opener,D337708,http://patft.uspto.gov/netacgi/nph-Parser?Sect1=PTO2&Sect2=HITOFF&u=%2Fnetahtml%2FPTO%2Fsearch-adv.htm&r=951&f=G&l=50&d=PTXT&s1=%22can+opener%22&p=20&OS=%22can+opener%22&RS=%22can+opener%22
combination toaster and electric can opener,D337476,http://patft.uspto.gov/netacgi/nph-Parser?Sect1=PTO2&Sect2=HITOFF&u=%2Fnetahtml%2FPTO%2Fsearch-adv.htm&r=952&f=G&l=50&d=PTXT&s1=%22can+opener%22&p=20&OS=%22can+opener%22&RS=%22can+opener%22
high-speed tandem can opener,5228203,http://patft.uspto.gov/netacgi/nph-Parser?Sect1=PTO2&Sect2=HITOFF&u=%2Fnetahtml%2FPTO%2Fsearch-adv.htm&r=953&f=G&l=50&d=PTXT&s1=%22can+opener%22&p=20&OS=%22can+opener%22&RS=%22can+opener%22
can opener apparatus,5205194,http://patft.uspto.gov/netacgi/nph-Parser?Sect1=PTO2&Sect2=HITOFF&u=%2Fnetahtml%2FPTO%2Fsearch-adv.htm&r=963&f=G&l=50&d=PTXT&s1=%22can+opener%22&p=20&OS=%22can+opener%22&RS=%22can+opener%22
can top opener and sealer,5203087,http://patft.uspto.gov/netacgi/nph-Parser?Sect1=PTO2&Sect2=HITOFF&u=%2Fnetahtml%2FPTO%2Fsearch-adv.htm&r=965&f=G&l=50&d=PTXT&s1=%22can+opener%22&p=20&OS=%22can+opener%22&RS=%22can+opener%22
can tab opener,D334518,http://patft.uspto.gov/netacgi/nph-Parser?Sect1=PTO2&Sect2=HITOFF&u=%2Fnetahtml%2FPTO%2Fsearch-adv.htm&r=967&f=G&l=50&d=PTXT&s1=%22can+opener%22&p=20&OS=%22can+opener%22&RS=%22can+opener%22
hand-held squeeze lever or pincer-type can opener,5197197,http://patft.uspto.gov/netacgi/nph-Parser?Sect1=PTO2&Sect2=HITOFF&u=%2Fnetahtml%2FPTO%2Fsearch-adv.htm&r=968&f=G&l=50&d=PTXT&s1=%22can+opener%22&p=20&OS=%22can+opener%22&RS=%22can+opener%22
combination bottle opener and can opener,5189750,http://patft.uspto.gov/netacgi/nph-Parser?Sect1=PTO2&Sect2=HITOFF&u=%2Fnetahtml%2FPTO%2Fsearch-adv.htm&r=970&f=G&l=50&d=PTXT&s1=%22can+opener%22&p=20&OS=%22can+opener%22&RS=%22can+opener%22
"combination electric can opener, clock/timer, and knife sharpener",D332731,http://patft.uspto.gov/netacgi/nph-Parser?Sect1=PTO2&Sect2=HITOFF&u=%2Fnetahtml%2FPTO%2Fsearch-adv.htm&r=972&f=G&l=50&d=PTXT&s1=%22can+opener%22&p=20&OS=%22can+opener%22&RS=%22can+opener%22
can openers,5181322,http://patft.uspto.gov/netacgi/nph-Parser?Sect1=PTO2&Sect2=HITOFF&u=%2Fnetahtml%2FPTO%2Fsearch-adv.htm&r=973&f=G&l=50&d=PTXT&s1=%22can+opener%22&p=20&OS=%22can+opener%22&RS=%22can+opener%22
can opener,5170565,http://patft.uspto.gov/netacgi/nph-Parser?Sect1=PTO2&Sect2=HITOFF&u=%2Fnetahtml%2FPTO%2Fsearch-adv.htm&r=974&f=G&l=50&d=PTXT&s1=%22can+opener%22&p=20&OS=%22can+opener%22&RS=%22can+opener%22
can end closure apparatus,5169017,http://patft.uspto.gov/netacgi/nph-Parser?Sect1=PTO2&Sect2=HITOFF&u=%2Fnetahtml%2FPTO%2Fsearch-adv.htm&r=975&f=G&l=50&d=PTXT&s1=%22can+opener%22&p=20&OS=%22can+opener%22&RS=%22can+opener%22
circular shears,5161441,http://patft.uspto.gov/netacgi/nph-Parser?Sect1=PTO2&Sect2=HITOFF&u=%2Fnetahtml%2FPTO%2Fsearch-adv.htm&r=980&f=G&l=50&d=PTXT&s1=%22can+opener%22&p=20&OS=%22can+opener%22&RS=%22can+opener%22
can opener,D329789,http://patft.uspto.gov/netacgi/nph-Parser?Sect1=PTO2&Sect2=HITOFF&u=%2Fnetahtml%2FPTO%2Fsearch-adv.htm&r=983&f=G&l=50&d=PTXT&s1=%22can+opener%22&p=20&OS=%22can+opener%22&RS=%22can+opener%22
cap with perforating spike for container with a protective membrane,5148937,http://patft.uspto.gov/netacgi/nph-Parser?Sect1=PTO2&Sect2=HITOFF&u=%2Fnetahtml%2FPTO%2Fsearch-adv.htm&r=984&f=G&l=50&d=PTXT&s1=%22can+opener%22&p=20&OS=%22can+opener%22&RS=%22can+opener%22
paint can opener,5127121,http://patft.uspto.gov/netacgi/nph-Parser?Sect1=PTO2&Sect2=HITOFF&u=%2Fnetahtml%2FPTO%2Fsearch-adv.htm&r=990&f=G&l=50&d=PTXT&s1=%22can+opener%22&p=20&OS=%22can+opener%22&RS=%22can+opener%22
can opener,5121546,http://patft.uspto.gov/netacgi/nph-Parser?Sect1=PTO2&Sect2=HITOFF&u=%2Fnetahtml%2FPTO%2Fsearch-adv.htm&r=992&f=G&l=50&d=PTXT&s1=%22can+opener%22&p=20&OS=%22can+opener%22&RS=%22can+opener%22
can opener,D326041,http://patft.uspto.gov/netacgi/nph-Parser?Sect1=PTO2&Sect2=HITOFF&u=%2Fnetahtml%2FPTO%2Fsearch-adv.htm&r=993&f=G&l=50&d=PTXT&s1=%22can+opener%22&p=20&OS=%22can+opener%22&RS=%22can+opener%22
can opener,D326039,http://patft.uspto.gov/netacgi/nph-Parser?Sect1=PTO2&Sect2=HITOFF&u=%2Fnetahtml%2FPTO%2Fsearch-adv.htm&r=994&f=G&l=50&d=PTXT&s1=%22can+opener%22&p=20&OS=%22can+opener%22&RS=%22can+opener%22
can opener,D324158,http://patft.uspto.gov/netacgi/nph-Parser?Sect1=PTO2&Sect2=HITOFF&u=%2Fnetahtml%2FPTO%2Fsearch-adv.htm&r=998&f=G&l=50&d=PTXT&s1=%22can+opener%22&p=20&OS=%22can+opener%22&RS=%22can+opener%22
combined can opener and knife sharpener,D324157,http://patft.uspto.gov/netacgi/nph-Parser?Sect1=PTO2&Sect2=HITOFF&u=%2Fnetahtml%2FPTO%2Fsearch-adv.htm&r=999&f=G&l=50&d=PTXT&s1=%22can+opener%22&p=20&OS=%22can+opener%22&RS=%22can+opener%22
hand-held can opener,D322919,http://patft.uspto.gov/netacgi/nph-Parser?Sect1=PTO2&Sect2=HITOFF&u=%2Fnetahtml%2FPTO%2Fsearch-adv.htm&r=1003&f=G&l=50&d=PTXT&s1=%22can+opener%22&p=21&OS=%22can+opener%22&RS=%22can+opener%22
combined can opener and rim piercer,D322201,http://patft.uspto.gov/netacgi/nph-Parser?Sect1=PTO2&Sect2=HITOFF&u=%2Fnetahtml%2FPTO%2Fsearch-adv.htm&r=1005&f=G&l=50&d=PTXT&s1=%22can+opener%22&p=21&OS=%22can+opener%22&RS=%22can+opener%22
adjustable can opener,5054203,http://patft.uspto.gov/netacgi/nph-Parser?Sect1=PTO2&Sect2=HITOFF&u=%2Fnetahtml%2FPTO%2Fsearch-adv.htm&r=1010&f=G&l=50&d=PTXT&s1=%22can+opener%22&p=21&OS=%22can+opener%22&RS=%22can+opener%22
pull tab can opener,5052248,http://patft.uspto.gov/netacgi/nph-Parser?Sect1=PTO2&Sect2=HITOFF&u=%2Fnetahtml%2FPTO%2Fsearch-adv.htm&r=1013&f=G&l=50&d=PTXT&s1=%22can+opener%22&p=21&OS=%22can+opener%22&RS=%22can+opener%22
can opener,5052110,http://patft.uspto.gov/netacgi/nph-Parser?Sect1=PTO2&Sect2=HITOFF&u=%2Fnetahtml%2FPTO%2Fsearch-adv.htm&r=1014&f=G&l=50&d=PTXT&s1=%22can+opener%22&p=21&OS=%22can+opener%22&RS=%22can+opener%22
hand-held electric can opener,D319956,http://patft.uspto.gov/netacgi/nph-Parser?Sect1=PTO2&Sect2=HITOFF&u=%2Fnetahtml%2FPTO%2Fsearch-adv.htm&r=1015&f=G&l=50&d=PTXT&s1=%22can+opener%22&p=21&OS=%22can+opener%22&RS=%22can+opener%22
rechageable can opener,D319169,http://patft.uspto.gov/netacgi/nph-Parser?Sect1=PTO2&Sect2=HITOFF&u=%2Fnetahtml%2FPTO%2Fsearch-adv.htm&r=1016&f=G&l=50&d=PTXT&s1=%22can+opener%22&p=21&OS=%22can+opener%22&RS=%22can+opener%22
electrically powered can opener with knife sharpener,D318603,http://patft.uspto.gov/netacgi/nph-Parser?Sect1=PTO2&Sect2=HITOFF&u=%2Fnetahtml%2FPTO%2Fsearch-adv.htm&r=1017&f=G&l=50&d=PTXT&s1=%22can+opener%22&p=21&OS=%22can+opener%22&RS=%22can+opener%22
combination ring/can-opener,5029495,http://patft.uspto.gov/netacgi/nph-Parser?Sect1=PTO2&Sect2=HITOFF&u=%2Fnetahtml%2FPTO%2Fsearch-adv.htm&r=1020&f=G&l=50&d=PTXT&s1=%22can+opener%22&p=21&OS=%22can+opener%22&RS=%22can+opener%22
combined portable can opener and cleaner,D319856,http://patft.uspto.gov/netacgi/nph-Parser?Sect1=PTO2&Sect2=HITOFF&u=%2Fnetahtml%2FPTO%2Fsearch-adv.htm&r=1021&f=G&l=50&d=PTXT&s1=%22can+opener%22&p=21&OS=%22can+opener%22&RS=%22can+opener%22
electrically powered can opener with knife sharpener,D317552,http://patft.uspto.gov/netacgi/nph-Parser?Sect1=PTO2&Sect2=HITOFF&u=%2Fnetahtml%2FPTO%2Fsearch-adv.htm&r=1023&f=G&l=50&d=PTXT&s1=%22can+opener%22&p=21&OS=%22can+opener%22&RS=%22can+opener%22
hand-held can opener,5024704,http://patft.uspto.gov/netacgi/nph-Parser?Sect1=PTO2&Sect2=HITOFF&u=%2Fnetahtml%2FPTO%2Fsearch-adv.htm&r=1025&f=G&l=50&d=PTXT&s1=%22can+opener%22&p=21&OS=%22can+opener%22&RS=%22can+opener%22
tear top can opener,5018409,http://patft.uspto.gov/netacgi/nph-Parser?Sect1=PTO2&Sect2=HITOFF&u=%2Fnetahtml%2FPTO%2Fsearch-adv.htm&r=1026&f=G&l=50&d=PTXT&s1=%22can+opener%22&p=21&OS=%22can+opener%22&RS=%22can+opener%22
motor-driven can opener,4995164,http://patft.uspto.gov/netacgi/nph-Parser?Sect1=PTO2&Sect2=HITOFF&u=%2Fnetahtml%2FPTO%2Fsearch-adv.htm&r=1029&f=G&l=50&d=PTXT&s1=%22can+opener%22&p=21&OS=%22can+opener%22&RS=%22can+opener%22
can opener and night light appliance,5979308,http://patft.uspto.gov/netacgi/nph-Parser?Sect1=PTO2&Sect2=HITOFF&u=%2Fnetahtml%2FPTO%2Fsearch-adv.htm&r=1030&f=G&l=50&d=PTXT&s1=%22can+opener%22&p=21&OS=%22can+opener%22&RS=%22can+opener%22
can-opener,D311481,http://patft.uspto.gov/netacgi/nph-Parser?Sect1=PTO2&Sect2=HITOFF&u=%2Fnetahtml%2FPTO%2Fsearch-adv.htm&r=1034&f=G&l=50&d=PTXT&s1=%22can+opener%22&p=21&OS=%22can+opener%22&RS=%22can+opener%22
fixed yet pivotable knife or tool,4961239,http://patft.uspto.gov/netacgi/nph-Parser?Sect1=PTO2&Sect2=HITOFF&u=%2Fnetahtml%2FPTO%2Fsearch-adv.htm&r=1036&f=G&l=50&d=PTXT&s1=%22can+opener%22&p=21&OS=%22can+opener%22&RS=%22can+opener%22
combination pop-top can and bottle opener having engaging lip,494960,http://patft.uspto.gov/netacgi/nph-Parser?Sect1=PTO2&Sect2=HITOFF&u=%2Fnetahtml%2FPTO%2Fsearch-adv.htm&r=1040&f=G&l=50&d=PTXT&s1=%22can+opener%22&p=21&OS=%22can+opener%22&RS=%22can+opener%22
can opener,D309245,http://patft.uspto.gov/netacgi/nph-Parser?Sect1=PTO2&Sect2=HITOFF&u=%2Fnetahtml%2FPTO%2Fsearch-adv.htm&r=1041&f=G&l=50&d=PTXT&s1=%22can+opener%22&p=21&OS=%22can+opener%22&RS=%22can+opener%22
can opener,4941262,http://patft.uspto.gov/netacgi/nph-Parser?Sect1=PTO2&Sect2=HITOFF&u=%2Fnetahtml%2FPTO%2Fsearch-adv.htm&r=1042&f=G&l=50&d=PTXT&s1=%22can+opener%22&p=21&OS=%22can+opener%22&RS=%22can+opener%22
can opener,D309086,http://patft.uspto.gov/netacgi/nph-Parser?Sect1=PTO2&Sect2=HITOFF&u=%2Fnetahtml%2FPTO%2Fsearch-adv.htm&r=1043&f=G&l=50&d=PTXT&s1=%22can+opener%22&p=21&OS=%22can+opener%22&RS=%22can+opener%22
can opener,D309085,http://patft.uspto.gov/netacgi/nph-Parser?Sect1=PTO2&Sect2=HITOFF&u=%2Fnetahtml%2FPTO%2Fsearch-adv.htm&r=1044&f=G&l=50&d=PTXT&s1=%22can+opener%22&p=21&OS=%22can+opener%22&RS=%22can+opener%22
aerosol can opener,4934055,http://patft.uspto.gov/netacgi/nph-Parser?Sect1=PTO2&Sect2=HITOFF&u=%2Fnetahtml%2FPTO%2Fsearch-adv.htm&r=1051&f=G&l=50&d=PTXT&s1=%22can+opener%22&p=22&OS=%22can+opener%22&RS=%22can+opener%22
can opener,D308468,http://patft.uspto.gov/netacgi/nph-Parser?Sect1=PTO2&Sect2=HITOFF&u=%2Fnetahtml%2FPTO%2Fsearch-adv.htm&r=1052&f=G&l=50&d=PTXT&s1=%22can+opener%22&p=22&OS=%22can+opener%22&RS=%22can+opener%22
can opener,D308159,http://patft.uspto.gov/netacgi/nph-Parser?Sect1=PTO2&Sect2=HITOFF&u=%2Fnetahtml%2FPTO%2Fsearch-adv.htm&r=1054&f=G&l=50&d=PTXT&s1=%22can+opener%22&p=22&OS=%22can+opener%22&RS=%22can+opener%22
lift tab can opener,D307861,http://patft.uspto.gov/netacgi/nph-Parser?Sect1=PTO2&Sect2=HITOFF&u=%2Fnetahtml%2FPTO%2Fsearch-adv.htm&r=1055&f=G&l=50&d=PTXT&s1=%22can+opener%22&p=22&OS=%22can+opener%22&RS=%22can+opener%22
electrically driven can opener,4922617,http://patft.uspto.gov/netacgi/nph-Parser?Sect1=PTO2&Sect2=HITOFF&u=%2Fnetahtml%2FPTO%2Fsearch-adv.htm&r=1057&f=G&l=50&d=PTXT&s1=%22can+opener%22&p=22&OS=%22can+opener%22&RS=%22can+opener%22
can opener,D306548,http://patft.uspto.gov/netacgi/nph-Parser?Sect1=PTO2&Sect2=HITOFF&u=%2Fnetahtml%2FPTO%2Fsearch-adv.htm&r=1064&f=G&l=50&d=PTXT&s1=%22can+opener%22&p=22&OS=%22can+opener%22&RS=%22can+opener%22
can opener,4901441,http://patft.uspto.gov/netacgi/nph-Parser?Sect1=PTO2&Sect2=HITOFF&u=%2Fnetahtml%2FPTO%2Fsearch-adv.htm&r=1068&f=G&l=50&d=PTXT&s1=%22can+opener%22&p=22&OS=%22can+opener%22&RS=%22can+opener%22
,,
,,
,,
,,
,,
,,
,,
,,
,,
,,
,,
,,
,,
,,
,,
,,
,,
,,
,,
,,
,,
,,
,,
,,
,,
,,
,,
,,
,,
,,
,,
,,
,,
,,
,,
,,
,,
,,
,,
,,
,,
,,
,,
,,
,,
,,
,,
,,
,,
,,
,,
,,
,,
,,
,,
,,
,,
,,
,,
,,
,,
,,
,,
,,
,,
,,
,,
,,
,,
,,
,,
,,
,,
,,
,,
,,
,,
,,
,,
,,
,,
,,
,,
,,
,,
,,
,,
,,
,,
,,
,,
,,
,,
,,
,,
,,
,,
,,
,,
,,
,,
,,
,,
,,
,,
,,
,,
,,
,,
,,
,,
,,
,,
,,
,,
,,
,,
,,
,,
,,
,,
,,
,,
,,
,,
,,
,,
,,
,,
,,
,,
,,
,,
,,
,,
,,
,,
,,
,,
,,
,,
,,
,,
,,
,,
,,
,,
,,
,,
,,
,,
,,
,,
,,
,,
,,
,,
,,
,,
,,
,,
,,
,,
,,
,,
,,
,,
,,
,,
,,
,,
,,
,,
,,
,,
,,
,,
,,
,,
,,
,,
,,
,,
,,
,,
,,
,,
,,
,,
,,
,,
,,
,,
,,
,,
,,
,,
,,
,,
,,
,,
,,
,,
,,
,,
,,
,,
,,
,,
,,
,,
,,
,,
,,
,,
,,
,,
,,
,,
,,
,,
,,
,,
,,
,,
,,
,,
,,
,,
,,
,,
,,
,,
,,
,,
,,
,,
,,
,,
,,
,,
,,
,,
,,
,,
,,
,,
,,
,,
,,
,,
